r.sq,nobs
0.8005560339758689,19007
0.8005778316981064,19007
0.43565351278648734,19007
0.43552110401792,19007
0.6389087127795697,19007
0.6387690362320145,19007
