r.sq,nobs
0.801629676225857,27959
0.8016311628108905,27959
0.44841151143506863,27959
0.44841390157147254,27959
0.6499708564985733,27959
0.6499268104845666,27959
