r.sq,nobs
0.8016249065806573,27959
0.8017341718599371,27959
0.44791336966775996,27959
0.45013377880198013,27959
0.649757886827647,27959
0.6508047723731263,27959
