r.sq,nobs
0.8005681701634899,19007
0.8006385705629567,19007
0.43521467448187623,19007
0.43620907991729296,19007
0.6383836102614519,19007
0.6392402598486044,19007
